{"cameraMode":{"drawMode":0,"name":"Shaded","section":"Shading Mode"},"sceneLighting":true,"audioPlay":false,"sceneViewState":{"showFog":true,"showMaterialUpdate":false,"showSkybox":true,"showFlares":true,"showImageEffects":true,"showParticleSystems":true},"in2DMode":false,"pivot":{"x":-2.3595972061157228,"y":0.25372880697250368,"z":2.5476584434509279},"rotation":{"x":0.11080267280340195,"y":-0.0705552026629448,"z":0.007895347662270069,"w":0.991336464881897},"size":7.625888347625732,"orthographic":false}